IDSKK,kd_lok_krj,shiftkrj,JAT,JST,tglinput,Area
2,03,SHIFT PAGI SF,08:00,16:00,2023-01-31 13:54:58,SF
3,03,SHIFT 1 FORMING SF,07:00,15:00,2023-01-31 13:56:36,SF
4,03,SHIFT 2 FORMING SF,15:00,23:00,2023-01-31 14:01:51,SF
5,03,SHIFT 3 FORMING SF,23:00,07:00,2023-01-31 14:02:18,SF
6,03,SHIFT SORE SF,16:00,00:00,2023-01-31 16:08:42,SF
7,03,SHIFT MALAM SF,23:59,08:00,2023-01-31 16:08:54,SF
11,04,SHIFT 1 PRODUKSI KF,07:00,15:00,2023-02-02 14:29:08,BF
12,04,SHIFT 2 PRODUKSI KF,15:00,23:00,2023-02-02 14:29:33,BF
13,04,SHIFT 3 PRODUKSI KF,23:00,07:00,2023-02-02 14:29:54,BF
14,04,SHIFT 1 SECURTY KF,08:00,16:00,2023-02-02 14:31:56,BF
15,04,SHIFT 3 SECURTY KF,23:59,08:00,2023-06-22 13:34:18,BF
16,04,SHIFT 2 SECURTY KF,16:00,00:00,2023-02-02 14:32:24,BF
17,04,SHIFT 1 SABTU KF,07:00,12:00,2023-02-06 15:19:31,BF
18,04,SHIFT 2 SABTU KF,12:00,17:00,2023-02-06 15:19:59,BF
19,04,SHIFT 3 SABTU KF,17:00,22:00,2023-02-06 15:20:12,BF
20,04,SHIFT 1 MINGGU KF,07:00,12:00,2023-02-07 08:10:05,BF
21,04,SHIFT 2 KHUSUS KF,17:00,01:00,2023-02-14 09:05:18,BF
23,04,SHIFT 2 SABTU KF KHUSUS,15:00,00:00,2023-06-23 15:45:20,BF
24,04,SHIFT 3 KHUSUS KF,20:00,04:00,2023-04-03 10:14:56,BF
25,03,MOJOKERTO SHIFT 1 SABTU,08:00,13:00,2023-03-07 11:08:30,SF
26,03,MOJOKERTO SHIFT 2 SABTU,13:00,18:00,2023-03-07 11:09:29,SF
27,03,MOJOKERTO SHIFT 1,08:00,16:00,2023-03-07 11:12:02,SF
28,03,MOJOKERTO SHIFT 2,16:00,00:00,2023-03-07 11:14:24,SF
29,03,MOJOKERTO SHIFT 3,23:59,08:00,2023-03-07 11:15:49,SF
31,04,SHIFT 2 MINGGU KF,13:00,21:00,2023-04-04 09:45:48,BF
32,04,SHIFT LEMBUR WORKSHOP,08:00,15:30,2023-04-11 08:21:49,BF
33,04,SHIFT LEMBUR OPERATOR,11:00,19:00,2023-04-11 08:05:03,BF
35,04,SHIFT LEMBUR REPAIR,09:00,17:00,2023-04-11 08:21:31,BF
36,04,SHIFT LEMBUR KARU REPAIR,07:00,14:00,2023-04-11 08:19:14,BF
37,04,SHIFT PPIC,15:00,20:00,2023-04-11 09:03:15,BF
39,04,SHIFT 2 MINGGU REPAIR,12:00,19:00,2023-04-11 09:51:37,BF
40,04,SHIFT 2 MINGGU REPAIR 2,11:30,19:00,2023-04-11 09:51:50,BF
41,03,SHIFT 1 MINGGU,08:00,16:00,2024-10-10 10:13:40,SF
42,04,MINGGU HSE,09:00,10:00,2023-04-18 09:38:02,BF
43,04,SHIFT 1 MINGGU CASTING,07:00,17:00,2023-04-18 09:39:45,BF
44,03,INVENTORY SHIFT 1,08:00,16:00,2023-06-20 15:49:32,SF
45,03,INVENTORY SHIFT 2,16:00,00:00,2023-06-23 15:44:27,SF
46,03,INVENTORY SHIFT 3,23:59,08:00,2023-06-20 15:50:50,SF
48,03,QC SHIFT 1,08:00,16:00,2023-06-22 10:31:16,SF
49,03,QC SHIFT 2,16:00,00:00,2023-06-23 15:44:53,SF
51,03,QC SHIFT 3,23:59,08:00,2023-06-22 10:32:04,SF
52,03,NON SHIFT WAREHOUSE,08:00,16:00,2023-06-22 11:04:31,SF
53,03,MAINTENANCE SHIFT 1,08:00,16:00,2023-06-22 11:42:17,SF
54,03,MAINTENANCE SHIFT 2,16:00,00:00,2023-06-23 15:44:36,SF
55,03,MAINTENANCE SHIFT 3,23:59,08:00,2023-06-22 13:33:26,SF
56,03,REPAIR NON SHIFT,08:00,16:00,2023-06-22 15:02:03,SF
57,03,REPAIR PENGIRIMAN SHIFT 1,08:00,16:00,2023-06-22 15:12:10,SF
58,03,REPAIR PENGIRIMAN SHIFT 2,16:00,00:00,2023-06-23 15:45:01,SF
59,03,REPAIR PENGIRIMAN SHIFT 3,23:59,08:00,2023-06-22 15:13:46,SF
60,03,PRODUKSI SHIFT 1,08:00,16:00,2023-06-23 10:52:22,SF
61,03,PRODUKSI SHIFT 2,16:00,00:00,2023-06-23 15:44:45,SF
62,03,PRODUKSI SHIFT 3,23:59,08:00,2023-06-23 10:52:03,SF
63,03,FORMING SHIFT 1,08:00,16:00,2023-12-22 12:22:51,SF
64,03,FORMING SHIFT 2,16:00,00:00,2023-12-22 12:40:10,SF
65,03,FORMING SHIFT 3,23:59,08:00,2023-12-22 12:39:35,SF
66,03,CASTING SHIFT 1,08:00,16:00,2023-06-23 11:05:27,SF
67,03,CASTING SHIFT 2,16:00,00:00,2023-06-23 15:44:15,SF
68,03,CASTING SHIFT 3,23:59,08:00,2023-06-23 11:05:57,SF
69,04,WAREHOUSE SHIFT 1,08:00,16:00,2024-07-11 13:07:32,BF
70,03,WAREHOUSE SHIFT 2,16:00,00:00,2023-06-23 15:45:12,SF
71,03,WAREHOUSE SHIFT 3,23:59,08:00,2023-06-23 11:10:26,SF
72,03,SHIFT 1,08:00,16:00,2023-06-23 11:15:16,SF
73,03,SHIFT 2,16:00,00:00,2023-06-23 11:15:44,SF
74,03,SHIFT 3,23:59,08:00,2023-06-23 11:16:01,SF
75,03,SATPAM SF SHIFT 1,07:00,15:00,2023-06-26 10:24:15,SF
76,03,SATPAM SF SHIFT 2,15:00,23:00,2023-06-26 10:25:19,SF
77,03,SATPAM SF SHIFT 3,23:00,07:00,2023-06-26 10:26:59,SF
78,03,SATPAM SF NON SHIFT,08:00,16:00,2023-06-26 15:19:01,SF
80,03,CASTING SHIFT 2 SABTU,16:00,22:00,2023-10-12 10:12:43,SF
81,04,KUBU SHIF 1,07:00,15:00,2023-11-07 13:14:16,BF
82,04,KUBU SHIF 2,15:00,23:00,2023-11-07 13:15:24,BF
83,04,KUBU SHIF 3,23:00,07:00,2023-11-07 13:15:52,BF
84,03,NGORO SHIFT 1 OB,07:00,15:00,2023-11-08 11:24:50,SF
85,03,NGORO SHIFT 2 OB,15:00,23:00,2023-11-08 11:25:10,SF
86,03,NGORO SHIFT 1 OB SABTU,07:00,12:00,2023-11-08 11:28:07,SF
87,03,NGORO SHIFT 2 OB SABTU,12:00,17:00,2023-11-08 11:28:31,SF
88,03,SHIFT 3 SABTU,18:00,23:00,2024-07-08 16:42:28,SF
89,04,SHIFT 1 SABTU STAFF,08:00,13:00,2024-07-11 13:12:31,BF
90,,SHIFT 1 SABTU STAFF KF,08:00,13:00,2024-07-11 13:13:23,ALL
91,03,HSE_ CLEANING & BUILDING DEVELOP,08:00,16:00,2024-07-13 08:46:22,SF
92,,SHIFT 3 SECURITY KF,23:59,08:00,2024-07-17 16:03:12,ALL
93,,SHIFT 2 SECURITY KF,16:00,00:00,2024-07-17 16:03:35,ALL
94,,SHIFT 1 SECURITY KF,08:00,16:00,2024-07-17 16:04:07,ALL
95,03,MOJOKERTO SHIFT 3 SABTU,18:00,23:00,2024-07-19 09:15:39,SF
96,01,NGORO SHIFT 3 SABTU,23:59,06:00,2024-10-11 15:01:21,SO
97,01,NGORO SHIFT 2 SABTU,16:00,22:00,2024-10-11 15:03:01,SO
98,03,SIFT 1 KHUSUS MINGGU,10:00,14:00,2024-12-04 14:15:47,SF
99,03,SOLO SIFT 1,07:00,15:00,2025-01-21 14:05:44,SF
100,03,SOLO SIFT 2,15:00,23:00,2025-01-21 14:06:01,SF
101,03,SOLO SIFT 3,23:00,07:00,2025-01-21 14:06:14,SF
102,03,SOLO SIFT 1 SABTU,07:00,12:00,2025-01-30 14:59:28,SF
103,03,SOLO SIFT 2 SABTU,12:00,17:00,2025-01-30 15:00:41,SF
104,03,SOLO SIFT 3 SABTU,17:00,22:00,2025-01-30 15:00:59,SF
105,01,MAINTENANCE SIFT 2 SABTU,16:00,22:00,2025-02-18 09:54:27,SO
106,03,SIFT SIANG MINGGU SF,12:00,20:00,2025-09-09 10:19:44,SF
107,03,SIFT 2 MINGGU SF,12:00,20:00,2025-09-09 10:21:28,SF
108,03,SHIFT 3 KHUSUS,20:00,04:00,2025-09-13 13:11:54,SF
109,03,FORMING SIFT 3 SABTU,20:00,01:00,2025-09-27 10:05:53,SF
110,03,SHIFT 2 KHUSUS SF,12:00,18:00,2025-10-13 13:51:18,SF
111,03,A SHIFT 3 (18-02),18:00,02:00,2026-07-30 10:41:34,SF
112,03,A SHIFT 1 (07-15),07:00,15:00,2026-07-30 10:49:50,SF
113,03,A SHIFT 2 (16-00),16:00,00:00,2026-07-30 10:57:41,SF
114,03,A SHIFT 3 (00-08),23:59,08:00,2026-07-30 10:58:48,SF
115,03,A SHIFT 2 (15-23),15:00,23:00,2026-07-30 11:25:20,SF
116,03,A SHIFT 1-S (07-12),07:00,12:00,2026-07-30 14:29:52,SF
117,03,A SHIFT 1-S (08-13),08:00,13:00,2026-07-30 14:30:13,SF
118,03,A SHIFT 2-S (13-18),13:00,18:00,2026-07-30 14:30:37,SF
119,03,A SHIFT 2-S (15-20),15:00,20:00,2026-07-30 14:30:47,SF
120,03,A SHIFT 2-S (16-21),16:00,21:00,2026-07-30 14:30:59,SF
121,03,A SHIFT 2-S (18-23),18:00,23:00,2026-07-30 14:31:18,SF
122,03,A SHIFT 1 (08-16),08:00,16:00,2026-07-30 15:23:47,SF
123,03,A SHIFT 3-S (00-06),23:59,06:00,2026-07-31 09:11:15,SF
124,03,A SHIFT 3-S (18-23),18:00,23:00,2026-07-31 09:11:42,SF
125,03,A SHIFT 3 (23-07),23:00,07:00,2026-07-31 11:10:48,SF
126,03,LEMBUR 15-18,15:00,18:00,2026-08-05 15:40:25,SF
127,03,SABTU 09 - 15,09:00,15:00,2026-08-05 16:26:02,SF
128,03,SABTU 09 - 14,09:00,14:00,2026-08-05 16:29:28,SF
129,03,A SHIFT 3-S (00-05),23:59,05:00,2026-08-10 09:41:58,SF
130,03,A SHIFT 3 (21-05),21:00,05:00,2026-08-10 11:20:30,SF
131,03,A SHIFT 2 (13-21),13:00,21:00,2026-08-12 09:50:54,SF
132,03,A SHIFT 3 (20-04),20:00,04:00,2026-08-13 09:15:32,SF
133,03,A SHIFT 1 (09-17),09:00,17:00,2026-08-14 13:26:47,SF
134,03,A SHIFT 1-M (10-18),10:00,18:00,2026-08-19 10:40:38,SF
135,03,A SHIFT 1-M (06-08),06:00,08:00,2026-08-20 13:34:28,SF
136,03,A SHIFT 3 (19-03),19:00,03:00,2026-08-21 16:13:30,SF
137,03,A SHIFT 2-M (16-20),16:00,20:00,2026-08-24 18:14:05,SF
138,03,A SHIFT 2-S (12-17),12:00,17:00,2026-08-25 09:32:57,SF
139,03,A SHIFT 1-L (08-14),08:00,14:00,2026-08-29 11:09:35,SF
